{"gamma": {"spearman": {"add": {"1": {"0": {"is_log": true, "pars": [-0.6014370133039794, 2.341653695433816, -3.801762934156095, 2.2485844920274705]}}, "2": {"0": {"is_log": false, "pars": [-0.6614239855968983, 6.0629506681899, -55.79641647995488, 261.09956989395033]}, "1": {"is_log": false, "pars": [-0.628540282159236, 11.597871897667416, -214.1718468417251, 2477.3812909760472, -11180.822861386241]}, "2": {"is_log": false, "pars": [-0.6168492281710255, 15.796274757772975, -330.0137571683824, 3905.4467818956928, -17614.872064783896]}}}, "mult": {"1": {"0": {"is_log": true, "pars": [-0.019307507659263427, -0.5957290867888423, 0.8379627744606745]}}, "2": {"0": {"is_log": true, "pars": [0.038146026619449984, -0.08050805400372517, -33.422172237649555, 185.82946857534847, -388.75352876946994, 292.13387769839824]}, "1": {"is_log": true, "pars": [0.0909470302440804, -1.0172276913358431, -23.159038297388136, 159.0245827976423, -367.70984703654113, 294.20837185036896]}, "2": {"is_log": true, "pars": [0.3065745608099295, -6.36849476387824, 27.40440708917889, -48.3340588243812, 30.792813466857197]}}}}, "kendall": {"add": {"1": {"0": {"is_log": true, "pars": [-0.4521355297202809, 1.4977399784780823, -1.648071071129608]}}, "2": {"0": {"is_log": false, "pars": [-0.6198206751893588, 6.387459492297144, -119.06592996169654, 1550.5435695979477, -7595.936753788896]}, "1": {"is_log": false, "pars": [-0.544035968999951, 11.266010970574548, -286.6256794574518, 5118.081558663573, -47580.03412507925, 171722.28594057634]}, "2": {"is_log": false, "pars": [-0.5215839890791234, 14.809920213066007, -334.091476316923, 3972.4438059541794, -17689.92451392296]}}}, "mult": {"1": {"0": {"is_log": true, "pars": [-0.23520694304067236, 0.4345525168361696, -0.4637005372087207]}}, "2": {"0": {"is_log": true, "pars": [-1.0127710664849545, 3.5026082457672927, -8.290404234617652, 8.03972693207303]}, "1": {"is_log": true, "pars": [-0.8893775113282004, 2.8604119730756494, -3.21225075173612]}, "2": {"is_log": true, "pars": [-0.8772536180348768, 3.4018667430392093, -4.108049398822882]}}}}}, "V": {"spearman": {"add": {"1": {"0": {"is_log": false, "pars": [0.004487423662654347, 2.9883065962494073, -57.82449511428311, 816.9964065884108, -3957.7982029051777]}}, "2": {"0": {"is_log": false, "pars": [0.026646129988534373, 1.9481410516425592, -2.7650098343806464]}, "1": {"is_log": false, "pars": [0.012705284376988304, 1.9734444172761394, -7.432243902645383, 33.06050733328993]}, "2": {"is_log": false, "pars": [0.008131324486293626, 1.883465393975067, -8.196073441321575, 36.22199887864696]}}}, "mult": {"1": {"0": {"is_log": false, "pars": [0.012538661402230323, 3.6974463745388566, -49.50207763890676, 300.35437532425914]}}, "2": {"0": {"is_log": true, "pars": [-0.03375439479163155, 0.6880050941074448, -2.742295927481415, 8.618715131187889, -7.441725653930808]}, "1": {"is_log": true, "pars": [0.010193280472646631, -0.2985377073969011, 3.3499495079458104, -6.157761808118508, 4.856620073972531]}, "2": {"is_log": true, "pars": [0.0182357744414397, -0.5089301087498324, 4.781896381162362, -10.183141715250764, 8.548069482519443]}}}}, "kendall": {"add": {"1": {"0": {"is_log": false, "pars": [0.005522709673498097, 1.7610039619029856, -32.87796445062683, 502.65657120934867, -2569.776605060552]}}, "2": {"0": {"is_log": false, "pars": [0.02064307606289634, 2.1786770668018933, -5.440804630432764]}, "1": {"is_log": false, "pars": [0.015561858925272674, 1.8798331964563446, -13.76866891761645, 68.77371695223466]}, "2": {"is_log": false, "pars": [0.01042339090271843, 1.8035381795257588, -19.08445226112933, 113.15932640884691]}}}, "mult": {"1": {"0": {"is_log": false, "pars": [0.03658718279600798, 2.8363267562195924, -36.090144500590114, 218.82078677940504]}}, "2": {"0": {"is_log": true, "pars": [0.02540855452629344, 0.5838354296238493]}, "1": {"is_log": true, "pars": [0.07425760309064773, 0.3687967626494633]}, "2": {"is_log": true, "pars": [0.1154888208280319, 0.15467244336402197]}}}}}, "V_left": {"spearman": {"add": {"1": {"0": {"is_log": false, "pars": [0.002080459437139823, 1.4101776723225543, -29.800983649451968, 441.8368501070461, -2221.8622248490037]}}, "2": {"0": {"is_log": false, "pars": [0.010590215751927208, 0.7414900664606435, -2.9205810481033527, 16.776036293017107]}, "1": {"is_log": false, "pars": [0.0056807150305476116, 0.7279792724757794, -0.952968556775641]}, "2": {"is_log": false, "pars": [0.0038392833247417463, 0.5409827338379049, 25.322383149968278, -1056.9999827993597, 15679.720161824787, -77089.49412102453]}}}, "mult": {"1": {"0": {"is_log": false, "pars": [0.0049031445958117505, 2.3970786268095905, -68.24124177177144, 1006.3212349419081, -5002.646974941719]}}, "2": {"0": {"is_log": true, "pars": [-0.013756405344477286, 0.30444975869786245, -0.7460298871094306, 1.0432727442723597]}, "1": {"is_log": true, "pars": [0.06552487997580321, -2.088548343737246, 26.320375472071994, -158.32213119525176, 517.1263377974566, -865.7039522834818, 581.3719640208752]}, "2": {"is_log": true, "pars": [-0.005547610876632594, 0.041578499840291744, 0.5281104109419961, -0.4777128212438292]}}}}, "kendall": {"add": {"1": {"0": {"is_log": false, "pars": [0.0029056194529065963, 0.5736676775722398, -3.5030618721957, 17.855281844906106]}}, "2": {"0": {"is_log": false, "pars": [0.010087739397242475, 0.39927868941265515]}, "1": {"is_log": false, "pars": [0.007620804554017456, 0.4551885423005213, -0.6286059887611894]}, "2": {"is_log": false, "pars": [0.00490110758134706, 0.4631974717864389, 9.18040808277519, -533.2176460567954, 8722.937223123063, -44691.4736891499]}}}, "mult": {"1": {"0": {"is_log": false, "pars": [0.00931471087000178, 0.8522710284488337, -8.69387605196377, 48.292875573752184]}}, "2": {"0": {"is_log": true, "pars": [-0.011199478115986436, 0.3072768427749117, -0.766444456216624, 1.1373511059619468]}, "1": {"is_log": true, "pars": [0.011014702828211664, 0.12145173421531329]}, "2": {"is_log": true, "pars": [0.035322900504163375, -0.038073086804965954, 0.22355641493220643]}}}}}}