{"P_eff": 0.25, "R_avg": 64.76169246059918, "sigma_R": 30.087910854936975, "n_samples": 100, "N_tot": 200, "epsilon": 1e-09}